Workbook

Sheet README
A1: Logistic Regression with Excel Solver – Credit dataset (synthetic)
A3: Purpose
A4: Predict whether a bank customer has a HIGH credit card balance (Balance > threshold) from Income, Limit and Student status,
A5: estimating the logistic regression coefficients by Maximum Likelihood with the Excel Solver add-in.
A7: Data
A8: 200 synthetic customers modelled on the structure of the classic 'Credit' dataset (Income, Limit, Rating, Cards, Age, Education, Student, Balance).
A9: The values are simulated, not real customers. Income and Limit are expressed in thousands of dollars ($000) to keep coefficients on a similar scale.
A10: Response: HighBalance = 1 if Balance > threshold (default $500, editable in Model!C9), otherwise 0.
A12: Model
A13: z = b0 + b1·Income + b2·Limit + b3·Student p = P(HighBalance = 1) = 1 / (1 + e^(−z))
A14: Log-likelihood = Σ [ y·ln(p) + (1 − y)·ln(1 − p) ] → Solver changes b0…b3 to MAXIMIZE it (Model!C12).
A16: How to run the Solver
... A31: Blue text on yellow = inputs you can change (coefficients, threshold, cut-off, Predict inputs). Black = formulas. Blue text = raw data.

Sheet Data
A1: ID | B1: Income ($000) | C1: Limit ($000) | D1: Rating | E1: Cards | F1: Age | G1: Education (years) | H1: Student | I1: Balance ($) | J1: Student (1=Yes) | K1: HighBalance (y)
A2: 1 | B2: 44.9 | C2: 3.81 | D2: 293 | E2: 2 | F2: 42 | G2: 10 | H2: No | I2: 287 | J2: =IF(H2="Yes",1,0) -> 0 | K2: =IF(I2>Model!$C$9,1,0) -> 0
A3: 2 | B3: 21.4 | C3: 3.91 | D3: 304 | E3: 3 | F3: 26 | G3: 8 | H3: No | I3: 647 | J3: =IF(H3="Yes",1,0) -> 0 | K3: =IF(I3>Model!$C$9,1,0) -> 1
A4: 3 | B4: 57.4 | C4: 4.17 | D4: 329 | E4: 1 | F4: 27 | G4: 8 | H4: No | I4: 652 | J4: =IF(H4="Yes",1,0) -> 0 | K4: =IF(I4>Model!$C$9,1,0) -> 1
A5: 4 | B5: 63.7 | C5: 5.24 | D5: 386 | E5: 6 | F5: 39 | G5: 15 | H5: No | I5: 734 | J5: =IF(H5="Yes",1,0) -> 0 | K5: =IF(I5>Model!$C$9,1,0) -> 1
A6: 5 | B6: 13 | C6: 0.9 | D6: 107 | E6: 5 | F6: 59 | G6: 10 | H6: No | I6: 0 | J6: =IF(H6="Yes",1,0) -> 0 | K6: =IF(I6>Model!$C$9,1,0) -> 0
A7: 6 | B7: 18.6 | C7: 1.86 | D7: 161 | E7: 1 | F7: 28 | G7: 11 | H7: No | I7: 432 | J7: =IF(H7="Yes",1,0) -> 0 | K7: =IF(I7>Model!$C$9,1,0) -> 0
A8: 7 | B8: 40.8 | C8: 2.05 | D8: 176 | E8: 2 | F8: 85 | G8: 19 | H8: No | I8: 408 | J8: =IF(H8="Yes",1,0) -> 0 | K8: =IF(I8>Model!$C$9,1,0) -> 0
A9: 8 | B9: 31.9 | C9: 1.07 | D9: 122 | E9: 4 | F9: 52 | G9: 19 | H9: No | I9: 0 | J9: =IF(H9="Yes",1,0) -> 0 | K9: =IF(I9>Model!$C$9,1,0) -> 0
A10: 9 | B10: 37.7 | C10: 1.83 | D10: 139 | E10: 4 | F10: 40 | G10: 18 | H10: No | I10: 215 | J10: =IF(H10="Yes",1,0) -> 0 | K10: =IF(I10>Model!$C$9,1,0) -> 0
A11: 10 | B11: 23.8 | C11: 1.77 | D11: 143 | E11: 6 | F11: 55 | G11: 11 | H11: No | I11: 372 | J11: =IF(H11="Yes",1,0) -> 0 | K11: =IF(I11>Model!$C$9,1,0) -> 0
A12: 11 | B12: 61.6 | C12: 5.48 | D12: 389 | E12: 2 | F12: 72 | G12: 16 | H12: No | I12: 1061 | J12: =IF(H12="Yes",1,0) -> 0 | K12: =IF(I12>Model!$C$9,1,0) -> 1
A13: 12 | B13: 58.3 | C13: 2.38 | D13: 171 | E13: 7 | F13: 43 | G13: 15 | H13: No | I13: 115 | J13: =IF(H13="Yes",1,0) -> 0 | K13: =IF(I13>Model!$C$9,1,0) -> 0
... A201: 200 | B201: 34.7 | C201: 1.89 | D201: 145 | E201: 1 | F201: 75 | G201: 10 | H201: No | I201: 214 | J201: =IF(H201="Yes",1,0) -> 0 | K201: =IF(I201>Model!$C$9,1,0) -> 0

Sheet Model
A1: Logistic regression – parameters, objective and row-level calculations
A3: Parameter | B3: Variable | C3: Coefficient
A4: b0 | B4: Intercept | C4: 0 | D4: ← Solver changes C4:C7
A5: b1 | B5: Income ($000) | C5: 0
A6: b2 | B6: Limit ($000) | C6: 0
A7: b3 | B7: Student (1=Yes) | C7: 0
A9: Balance threshold ($) | C9: 500
A10: Classification cut-off (p) | C10: 0.5
A12: Log-likelihood (objective – MAXIMIZE) | C12: =SUM(H17:H216) -> -138.62944
A13: Number of observations | C13: =COUNT(E17:E216) -> 200
A14: −2 · Log-likelihood (deviance) | C14: =-2*C12 -> 277.25887
A16: ID | B16: Income ($000) | C16: Limit ($000) | D16: Student (1=Yes) | E16: y (HighBalance) | F16: z (linear predictor) | G16: p = 1/(1+e^−z) | H16: Log-lik contribution | I16: Predicted class
A17: =Data!A2 -> 1 | B17: =Data!B2 -> 44.9 | C17: =Data!C2 -> 3.81 | D17: =Data!J2 -> 0 | E17: =Data!K2 -> 0 | F17: =$C$4+$C$5*B17+$C$6*C17+$C$7*D17 -> 0 | G17: =1/(1+EXP(-F17)) -> 0.5 | H17: =E17*LN(MAX(G17,1E-015))+(1-E17)*LN(MAX(1-G17,1E-015)) -> -0.69314718 | I17: =IF(G17>=$C$10,1,0) -> 1
A18: =Data!A3 -> 2 | B18: =Data!B3 -> 21.4 | C18: =Data!C3 -> 3.91 | D18: =Data!J3 -> 0 | E18: =Data!K3 -> 1 | F18: =$C$4+$C$5*B18+$C$6*C18+$C$7*D18 -> 0 | G18: =1/(1+EXP(-F18)) -> 0.5 | H18: =E18*LN(MAX(G18,1E-015))+(1-E18)*LN(MAX(1-G18,1E-015)) -> -0.69314718 | I18: =IF(G18>=$C$10,1,0) -> 1
A19: =Data!A4 -> 3 | B19: =Data!B4 -> 57.4 | C19: =Data!C4 -> 4.17 | D19: =Data!J4 -> 0 | E19: =Data!K4 -> 1 | F19: =$C$4+$C$5*B19+$C$6*C19+$C$7*D19 -> 0 | G19: =1/(1+EXP(-F19)) -> 0.5 | H19: =E19*LN(MAX(G19,1E-015))+(1-E19)*LN(MAX(1-G19,1E-015)) -> -0.69314718 | I19: =IF(G19>=$C$10,1,0) -> 1
A20: =Data!A5 -> 4 | B20: =Data!B5 -> 63.7 | C20: =Data!C5 -> 5.24 | D20: =Data!J5 -> 0 | E20: =Data!K5 -> 1 | F20: =$C$4+$C$5*B20+$C$6*C20+$C$7*D20 -> 0 | G20: =1/(1+EXP(-F20)) -> 0.5 | H20: =E20*LN(MAX(G20,1E-015))+(1-E20)*LN(MAX(1-G20,1E-015)) -> -0.69314718 | I20: =IF(G20>=$C$10,1,0) -> 1
A21: =Data!A6 -> 5 | B21: =Data!B6 -> 13 | C21: =Data!C6 -> 0.9 | D21: =Data!J6 -> 0 | E21: =Data!K6 -> 0 | F21: =$C$4+$C$5*B21+$C$6*C21+$C$7*D21 -> 0 | G21: =1/(1+EXP(-F21)) -> 0.5 | H21: =E21*LN(MAX(G21,1E-015))+(1-E21)*LN(MAX(1-G21,1E-015)) -> -0.69314718 | I21: =IF(G21>=$C$10,1,0) -> 1
A22: =Data!A7 -> 6 | B22: =Data!B7 -> 18.6 | C22: =Data!C7 -> 1.86 | D22: =Data!J7 -> 0 | E22: =Data!K7 -> 0 | F22: =$C$4+$C$5*B22+$C$6*C22+$C$7*D22 -> 0 | G22: =1/(1+EXP(-F22)) -> 0.5 | H22: =E22*LN(MAX(G22,1E-015))+(1-E22)*LN(MAX(1-G22,1E-015)) -> -0.69314718 | I22: =IF(G22>=$C$10,1,0) -> 1
A23: =Data!A8 -> 7 | B23: =Data!B8 -> 40.8 | C23: =Data!C8 -> 2.05 | D23: =Data!J8 -> 0 | E23: =Data!K8 -> 0 | F23: =$C$4+$C$5*B23+$C$6*C23+$C$7*D23 -> 0 | G23: =1/(1+EXP(-F23)) -> 0.5 | H23: =E23*LN(MAX(G23,1E-015))+(1-E23)*LN(MAX(1-G23,1E-015)) -> -0.69314718 | I23: =IF(G23>=$C$10,1,0) -> 1
A24: =Data!A9 -> 8 | B24: =Data!B9 -> 31.9 | C24: =Data!C9 -> 1.07 | D24: =Data!J9 -> 0 | E24: =Data!K9 -> 0 | F24: =$C$4+$C$5*B24+$C$6*C24+$C$7*D24 -> 0 | G24: =1/(1+EXP(-F24)) -> 0.5 | H24: =E24*LN(MAX(G24,1E-015))+(1-E24)*LN(MAX(1-G24,1E-015)) -> -0.69314718 | I24: =IF(G24>=$C$10,1,0) -> 1
A25: =Data!A10 -> 9 | B25: =Data!B10 -> 37.7 | C25: =Data!C10 -> 1.83 | D25: =Data!J10 -> 0 | E25: =Data!K10 -> 0 | F25: =$C$4+$C$5*B25+$C$6*C25+$C$7*D25 -> 0 | G25: =1/(1+EXP(-F25)) -> 0.5 | H25: =E25*LN(MAX(G25,1E-015))+(1-E25)*LN(MAX(1-G25,1E-015)) -> -0.69314718 | I25: =IF(G25>=$C$10,1,0) -> 1
A26: =Data!A11 -> 10 | B26: =Data!B11 -> 23.8 | C26: =Data!C11 -> 1.77 | D26: =Data!J11 -> 0 | E26: =Data!K11 -> 0 | F26: =$C$4+$C$5*B26+$C$6*C26+$C$7*D26 -> 0 | G26: =1/(1+EXP(-F26)) -> 0.5 | H26: =E26*LN(MAX(G26,1E-015))+(1-E26)*LN(MAX(1-G26,1E-015)) -> -0.69314718 | I26: =IF(G26>=$C$10,1,0) -> 1
A27: =Data!A12 -> 11 | B27: =Data!B12 -> 61.6 | C27: =Data!C12 -> 5.48 | D27: =Data!J12 -> 0 | E27: =Data!K12 -> 1 | F27: =$C$4+$C$5*B27+$C$6*C27+$C$7*D27 -> 0 | G27: =1/(1+EXP(-F27)) -> 0.5 | H27: =E27*LN(MAX(G27,1E-015))+(1-E27)*LN(MAX(1-G27,1E-015)) -> -0.69314718 | I27: =IF(G27>=$C$10,1,0) -> 1
A28: =Data!A13 -> 12 | B28: =Data!B13 -> 58.3 | C28: =Data!C13 -> 2.38 | D28: =Data!J13 -> 0 | E28: =Data!K13 -> 0 | F28: =$C$4+$C$5*B28+$C$6*C28+$C$7*D28 -> 0 | G28: =1/(1+EXP(-F28)) -> 0.5 | H28: =E28*LN(MAX(G28,1E-015))+(1-E28)*LN(MAX(1-G28,1E-015)) -> -0.69314718 | I28: =IF(G28>=$C$10,1,0) -> 1
... A216: =Data!A201 -> 200 | B216: =Data!B201 -> 34.7 | C216: =Data!C201 -> 1.89 | D216: =Data!J201 -> 0 | E216: =Data!K201 -> 0 | F216: =$C$4+$C$5*B216+$C$6*C216+$C$7*D216 -> 0 | G216: =1/(1+EXP(-F216)) -> 0.5 | H216: =E216*LN(MAX(G216,1E-015))+(1-E216)*LN(MAX(1-G216,1E-015)) -> -0.69314718 | I216: =IF(G216>=$C$10,1,0) -> 1

Sheet Evaluation
A1: Model evaluation (updates after running Solver)
A3: Confusion matrix (training data)
B4: Predicted 0 | C4: Predicted 1 | D4: Total
A5: Actual 0 | B5: =COUNTIFS(Model!$E$17:$E$216,0,Model!$I$17:$I$216,0) -> 0 | C5: =COUNTIFS(Model!$E$17:$E$216,0,Model!$I$17:$I$216,1) -> 137 | D5: =B5+C5 -> 137
A6: Actual 1 | B6: =COUNTIFS(Model!$E$17:$E$216,1,Model!$I$17:$I$216,0) -> 0 | C6: =COUNTIFS(Model!$E$17:$E$216,1,Model!$I$17:$I$216,1) -> 63 | D6: =B6+C6 -> 63
A7: Total | B7: =B5+B6 -> 0 | C7: =C5+C6 -> 200 | D7: =D5+D6 -> 200
A9: Metrics
A10: Accuracy | B10: =IFERROR((B5+C6)/D7,0) -> 0.315 | C10: Share of customers classified correctly
A11: Sensitivity (recall, TPR) | B11: =IFERROR(C6/D6,0) -> 1 | C11: High-balance customers correctly flagged
A12: Specificity (TNR) | B12: =IFERROR(B5/D5,0) -> 0 | C12: Low-balance customers correctly flagged
A13: Precision | B13: =IFERROR(C6/C7,0) -> 0.315 | C13: Flagged customers that are really high-balance
A14: Share of HighBalance = 1 (base rate) | B14: =AVERAGE(Model!$E$17:$E$216) -> 0.315 | C14: Also the null model probability
A15: Log-likelihood (fitted model) | B15: =Model!C12 -> -138.62944
A16: Log-likelihood (null model) | B16: =COUNTIF(Model!$E$17:$E$216,1)*LN(B14)+COUNTIF(Model!$E$17:$E$216,0)*LN(1-B14) -> -124.6086 | C16: Intercept-only model
A17: McFadden pseudo-R² | B17: =IFERROR(1-B15/B16,0) -> -0.11251902 | C17: 1 − LL(model)/LL(null); 0.2–0.4 is a good fit
A18: Likelihood-ratio statistic | B18: =2*(B15-B16) -> -28.041675 | C18: Chi-square with 3 degrees of freedom
A19: LR test p-value | B19: =CHIDIST(MAX(B18,0),3) -> 1 | C19: < 0.05 → predictors jointly significant
A21: Coefficients, odds ratios and check against a reference solution
A22: Parameter | B22: Solver estimate | C22: Odds ratio = e^b | D22: Reference estimate | E22: Difference | F22: Reference std. error | G22: Wald z = b / SE
A23: b0 – Intercept | B23: =Model!C4 -> 0 | C23: =EXP(B23) -> 1 | D23: -4.65338 | E23: =B23-D23 -> 4.65338 | F23: 0.703651 | G23: =D23/F23 -> -6.6131932
A24: b1 – Income ($000) | B24: =Model!C5 -> 0 | C24: =EXP(B24) -> 1 | D24: -0.04452 | E24: =B24-D24 -> 0.04452 | F24: 0.013011 | G24: =D24/F24 -> -3.4217201
A25: b2 – Limit ($000) | B25: =Model!C6 -> 0 | C25: =EXP(B25) -> 1 | D25: 1.577641 | E25: =B25-D25 -> -1.577641 | F25: 0.237833 | G25: =D25/F25 -> 6.6333982
A26: b3 – Student (1=Yes) | B26: =Model!C7 -> 0 | C26: =EXP(B26) -> 1 | D26: 1.918226 | E26: =B26-D26 -> -1.918226 | F26: 0.810081 | G26: =D26/F26 -> 2.3679435
A27: Reference log-likelihood | D27: -76.698907
A28: Source of reference values: maximum-likelihood fit of the same model on the same 200 rows (Newton-Raphson in Python, threshold $500). After running Solver, the "Difference" column should be close to 0. Odds ratio: multiplicative change in the odds of HighBalance for +1 unit of the variable.

Sheet Predict
A1: Score a new customer
A3: Income ($000) | B3: 45
A4: Limit ($000) | B4: 5
A5: Student (1=Yes, 0=No) | B5: 0
A7: z | B7: =Model!C4+Model!C5*B3+Model!C6*B4+Model!C7*B5 -> 0
A8: Probability of high balance | B8: =1/(1+EXP(-B7)) -> 0.5
A9: Predicted class (cut-off in Model!C10) | B9: =IF(B8>=Model!C10,"High balance (1)","Not high (0)") -> High balance (1)
A10: Odds = p / (1 − p) | B10: =B8/(1-B8) -> 1
A12: Run Solver first: with all coefficients at 0 every customer gets p = 50%.
